,Station Code,Address,Location,Supervisor Name,Phone number
Sathish,Chittoor,"25-482,Sundharnagar,Reddigunta(p),chittoor-517002","13.178883,79.0943980",jyothi,9704671139
Sathish,Palamaner,"R&D guest house OPP,MPL Road ,palamner-517408","13.201382,78.741511",Ismail,9182415520
Sathish,Punganur,"27-42/6,block number 27,rajareddy compound,MBT road,OPP: mareamma temple,punganur-517247","13.367202,78.570565",Prem chand,8886776146
Sathish,Tirupathi,"4-81,srinvasa mangapuram road,cherlopalli circle,chandragiri-517501","13.613684,79.361347",Saddam,8555061482
Sathish,Piler,"1-149/1,kotapalli high school OPP, MM buliding,piler-517214","13.662012,78.947315",Nagaraj,9502509127
Kesava,Tirupati,"13-408/2,JK ESTATES,OPP RAILWAY KALYANAMANDPAM,RENIGUNTA-517520","13.6339820, 79.4932690",KESAVA,9742543297
Siva Reddy,Srikalahasthi,"D.NO.15-108-5/1, B.P.Agraharam, naidupeta bypass road,near SKIT college, srikalahasthi, chittoor district, Andrapradesh,pincode: 517644.",,S Venkatesh,8897853697
Siva Reddy,Naidupeta,"Old mro office opp,near by zp boys High school, gnt road naidupeta , SPSR NELLORE, Andhra Pradesh 524126",,Suresh gummadi Gummadi,7981576486
Siva Reddy,Rly Kodur,"4/93,thrimurthi nagar, reddivaripalii road,Rly koduru- 516101,KADAPA (DIST). AP",,Siva Prasad Mallem,7993181910
Siva Reddy,Puttur,"D NO: 33/3-34, CTR NETHAM, TIRUPATI CHENNAI BYPASS ROAD, NEAR GOVT DEGREE COLLEGE, PUTTUR MANDAL, CHITTOOR DISTRICT,ANDHRA PRADESH, PIN:517583","13.428087,79.560462.",BALAJI CHITTETI, 95023 83070
Siva Reddy,Tada," Door No :-3-340, tadakandriga, tada post and mandal, pin code :-524401",,Buduru Nagaraja,63043 87057
Siva Reddy,Gudur,"19-1(11) ,narasaiah Gunta,Revenue ward No.6,Gudur mandal -524101",,Durga Prasad Reddy Kokku,8499088873
Siva Reddy,Venkatagiri,"AMAZON OFFICE,NEAR RAMALINGESWARA TEMPLE,KUMMARIMITTA,VENKATAGIRI-524132",,Durga Prasad Reddy Kokku,8499088873
Siva Reddy,Sullurupeta,"Address : plot no : 11 ,parameswari Nagar ,near samsung showroom , Sullurupeta Town & mandal, Nellore ( District ) Andhra Pradesh",,Sunil kumar reddy,9948910174
Bharat,Kavali,"DNO:19-5-16, Amazon Office RAMA NAGAR, GNT ROAD MUSUNUR,KAVALI-524201",,P Siva Kumar,9010988929
Bharat,Chirala,"1-1-3, vodarevu Road, beside AKP College,Old Andra Bank Buliding, Banam Beedi Complex, kothapeta panchayat,vetapalem mandal,523157",,K Sai Sree Harsha,7207201223
Bharat,Hindpur," D.no :909, S Sadlapalli, Banglore road, Hindupur 515201 ,Anantapur dist , landmark : old TVS godown ",,B Himal Reddy ,7093614662
Siva,Ibrahimpatnam,"10-2/17 FERRY ROAD, KOTHAPETA, IBRAHIMPATNAM",,LUKKA SIVA KUMAR,8985350750
Siva,Mylavaram,"D.NO:2-1C, BSNL ROAD, RAJAPETA, MYLAVARAM VILLAGE, MYLAVARAM MANDALAM, PINCODE:-521230",,GANDAMALA SANTHIAH,8985350750
Siva,Guntur,"SATTENAPALLI ROAD, INDIAN BANK BESIDE,AMARAVATHI",,MANGALAPRI SIVA SANKAR,9704654603
Siva,Muthukur,"D/NO:1/420 OPP.SS HOSPITAL BRAHMADEVAM VILLAGE, MUTHUKUR MANDAL SPSR NELLORE DISTRICT, PINCODE:-524346",,POTLURI MURALIKRISHNA,7093249955
Siva,Buchireddypalem,"D/NO:-1-297, JONNA WADA CENTER, ISKAPALEM (VI), BUCHIREDDYPALEM (M), SPSR NELLORE, PIN:-524305",,BOTTA SANDEEP,7981558060
Siva,Kovur,"OFFICE NO:-7020, OPPOSITE NAHI OFFICE, MAINROAD, KOVUR, NEAR TO SAIBABA TEMPLE, PINCODE:-524137",,SHEIK RAHIM,9618778584
Siva,Guntur,"CHINNA COMMERCIAL COMPLEX, PIDUGURALLA,PILLUTLA ROAD,NEAR TO OOSMAN MESTHRI BUILDING,GUNTUR DISTRICT,  ANDHRAPRADESH, PINCODE:522413, INDIA",,DOKKA SOWMYA,8886330772
Siva,Yemmiganur,"BESIDE BAJAJ SHOWROOM,NEAR TO EDDULA MARKET,HBS COLONY, YEMMIGANUR, ANDHRAPRADESH, PINCODE:518360, INDIA",,SHAIK JALEEL,9440066752
Siva,Nellore,"no 26/11,plot no 90,A.P.I.I.C area, back side of Andhra Jyothi office, food complex , Vedayapalem, Nellore ,524004",,KALEEMULLAH SHAIK,8790106256
