zone_name,destination
zone_1,Bangladesh*
zone_1,Nepal*
zone_1,Sri Lanka*
zone_1,United Arab Emirates
zone_2,Hong Kong
zone_2,Macau
zone_2,Malaysia*
zone_2,Taiwan*
zone_2,Thailand*
zone_2,Vietnam*
zone_3,Bahrain
zone_3,China (postal codes 000000-329999)
zone_3,China (postal codes 370000-399999)
zone_3,China (postal codes 430000-450320)
zone_3,China (postal codes 450322-509999)
zone_3,China (postal codes 550000-569999)
zone_3,China (postal codes 580000-617299)
zone_3,China (postal codes 617301-649999)
zone_3,China (postal codes 680000-869999)
zone_3,Indonesia*
zone_3,Japan*
zone_3,Jordan
zone_3,"Korea, South"
zone_3,Kuwait
zone_3,Lebanon
zone_3,Norfolk Island (Australia)*
zone_3,Oman
zone_3,Pakistan*
zone_3,Philippines*
zone_3,Qatar
zone_3,Saudi Arabia
zone_3,"Yemen, Republic of"
zone_4,Andorra
zone_4,Belgium
zone_4,Buesingen (Germany)*
zone_4,Campione/ Lake Lugano (Italy)*
zone_4,Canary Islands (Spain)*
zone_4,Ceuta (Spain)*
zone_4,Denmark*
zone_4,England (United Kingdom)*
zone_4,France*
zone_4,Germany*
zone_4,Heligoland (Germany)*
zone_4,Italy*
zone_4,Liechtenstein*
zone_4,Livigno (Italy)*
zone_4,Luxembourg
zone_4,Melilla (Spain)*
zone_4,Monaco (France)*
zone_4,Netherlands (Holland)*
zone_4,Northern Ireland (United Kingdom)*
zone_4,San Marino
zone_4,Scotland (United Kingdom)*
zone_4,Spain*
zone_4,Switzerland*
zone_4,United Kingdom*
zone_4,Vatican City (Italy)*
zone_4,Wales (United Kingdom)*
zone_5,Mexico*
zone_5,Puerto Rico*
zone_6,Aland Island (Finland)*
zone_6,Austria*
zone_6,Azores (Portugal)*
zone_6,Finland*
zone_6,Greece*
zone_6,Guernsey (Channel Islands)
zone_6,"Ireland, Republic of"
zone_6,Jersey (Channel Islands)
zone_6,Madeira (Portugal)*
zone_6,Maldives
zone_6,Mauritius
zone_6,Mount Athos (Greece)*
zone_6,New Caledonia
zone_6,Northern Mariana Islands*
zone_6,Norway*
zone_6,Portugal*
zone_6,Rota (Northern Mariana Islands)*
zone_6,Saipan (Northern Mariana Islands)*
zone_6,Sweden*
zone_6,Tinian (Northern Mariana Islands)*
zone_7,Algeria
zone_7,American Samoa
zone_7,Anguilla
zone_7,Antigua and Barbuda
zone_7,Argentina*
zone_7,Aruba
zone_7,Bahamas*
zone_7,Barbados
zone_7,Belize
zone_7,Benin
zone_7,Bermuda
zone_7,Bhutan
zone_7,Bolivia
zone_7,"Bonaire, St. Eustatius, Saba"
zone_7,St. Croix (U.S. Virgin Islands)
zone_7,St. John (U.S. Virgin Islands)
zone_7,St. Kitts and Nevis
zone_7,St. Lucia
zone_7,"St. Maarten, St. Martin"
zone_7,St. Thomas (U.S. Virgin Islands)
zone_7,St. Vincent & the Grenadines
zone_7,Suriname
zone_7,Swaziland
zone_7,Tahiti (French Polynesia)
zone_7,"Tanzania, United Republic of"
zone_7,Timor-Leste
zone_7,Togo
zone_7,Tonga
zone_7,Tortola (British Virgin Islands)
zone_7,Trinidad & Tobago*
zone_7,"Truk (Micronesia, Federated States of)"
zone_7,Tunisia
zone_7,Turkey
zone_7,Turks & Caicos Islands
zone_7,Tuvalu
zone_7,U.S. Virgin Islands
zone_7,Uganda
zone_7,Union Islands (St. Vincent & the Grenadines)
zone_7,Uruguay
zone_7,Vanuatu
zone_7,Venezuela*
zone_7,Virgin Gorda (British Virgin Islands)
zone_7,Wallis & Futuna Islands
zone_7,"Yap (Micronesia, Federated States of)"
zone_7,Zambia
zone_7,Zimbabwe
zone_8,Afghanistan
zone_8,Albania
zone_8,Angola
zone_8,Armenia
zone_8,Azerbaijan
zone_8,Belarus/ Byelorussia*
zone_8,Bosnia and Herzegovina
zone_8,Cape Verde
zone_8,Comoros
zone_8,Croatia*
zone_8,Equatorial Guinea
zone_8,Eritrea
zone_8,Estonia
zone_8,Faroe Islands
zone_8,Georgia*
zone_8,Greenland
zone_8,Kazakhstan*
zone_8,Kirghizia (Kyrgyzstan)
zone_8,Kosovo
zone_8,Latvia
zone_8,Lithuania
zone_8,Macedonia (FYROM)
zone_8,Mayotte
zone_8,Moldova*
zone_8,Montenegro
zone_8,Russia*
zone_8,Serbia
zone_8,Slovenia
zone_8,Syrian Arab Republic
zone_8,Tajikistan*
zone_8,Turkmenistan
zone_8,Ukraine*
zone_8,Uzbekistan
zone_9,China (postal codes 330000-369999)
zone_9,China (postal codes 400000-429999)
zone_9,China (postal codes 450321-450321)
zone_9,China (postal codes 510000-549999)
zone_9,China (postal codes 570000-579999)
zone_9,China (postal codes 617300-617300)
zone_9,China (postal codes 650000-679999)
zone_10,United States*
zone_11,Canada*
zone_12,Australia*
zone_13,New Zealand*
zone_14,Singapore*
zone_7,Botswana
zone_7,Brazil*
zone_7,British Virgin Islands
zone_7,Brunei*
zone_7,Bulgaria
zone_7,Burkina Faso
zone_7,Burundi
zone_7,Cambodia*
zone_7,Cameroon
zone_7,Cayman Islands
zone_7,Central African Republic
zone_7,Chad
zone_7,Chile*
zone_7,Colombia*
zone_7,Congo (Brazzaville)
zone_7,"Congo, Democratic Republic of"
zone_7,Cook Islands
zone_7,Costa Rica*
zone_7,Cote d'Ivoire (Ivory Coast)
zone_7,Cuba
zone_7,Curacao
zone_7,Cyprus
zone_7,Czech Republic*
zone_7,Djibouti
zone_7,Dominica
zone_7,Dominican Republic*
zone_7,Ecuador*
zone_7,Egypt
zone_7,El Salvador*
zone_7,Ethiopia
zone_7,Fiji
zone_7,French Guiana
zone_7,French Polynesia
zone_7,Gabon
zone_7,Gambia
zone_7,Ghana
zone_7,Gibraltar
zone_7,Grenada
zone_7,Guadeloupe*
zone_7,Guam
zone_7,Guatemala*
zone_7,Guinea
zone_7,Guinea-Bissau
zone_7,Guyana*
zone_7,Haiti*
zone_7,Honduras*
zone_7,Hungary*
zone_7,Iceland
zone_7,Iraq
zone_7,Israel
zone_7,Jamaica*
zone_7,Kenya
zone_7,Kiribati
zone_7,"Kosrae (Micronesia, Federated States of)"
zone_7,Laos
zone_7,Lesotho
zone_7,Liberia
zone_7,Libyan Arab Jamahiriya
zone_7,Madagascar
zone_7,Malawi
zone_7,Mali
zone_7,Malta
zone_7,Marshall Islands
zone_7,Martinique
zone_7,Mauritania
zone_7,"Micronesia, Federated States of"
zone_7,Mongolia
zone_7,Montserrat
zone_7,Morocco
zone_7,Mozambique
zone_7,Myanmar
zone_7,Namibia
zone_7,Nicaragua
zone_7,Niger
zone_7,Nigeria*
zone_7,Palau
zone_7,Panama*
zone_7,Papua New Guinea
zone_7,Paraguay
zone_7,Peru*
zone_7,Poland*
zone_7,"Ponape (Micronesia, Federated States of)"
zone_7,Reunion Island
zone_7,Romania
zone_7,Rwanda
zone_7,Samoa
zone_7,Senegal
zone_7,Seychelles
zone_7,Sierra Leone
zone_7,Slovakia
zone_7,Solomon Islands
zone_7,South Africa*
zone_7,St. Barthelemy
zone_7,St. Christopher (St. Kitts)
